gene	idx
A4GALT	0
A4GNT	1
AATK	2
ABCA1	3
ABCA12	4
ABCA2	5
ABCA4	6
ABCA7	7
ABCB5	8
ABCC12	9
ABCC8	10
ABCD2	11
ABHD3	12
ABLIM1	13
ABR	14
ABRA	15
ABTB2	16
ACAP1	17
ACCSL	18
ACE	19
ACHE	20
ACKR4	21
ACMSD	22
ACOD1	23
ACP3	24
ACP5	25
ACSL6	26
ACSS3	27
ACTC1	28
ACTG2	29
ACTL10	30
ACTL6B	31
ACTL7A	32
ACTL9	33
ACTN1	34
ACTN3	35
ACTRT1	36
ACTRT2	37
ACYP2	38
ADA	39
ADA2	40
ADAD2	41
ADAM12	42
ADAM2	43
ADAM7	44
ADAM8	45
ADAMTS1	46
ADAMTS12	47
ADAMTS15	48
ADAMTS16	49
ADAMTS18	50
ADAMTS7	51
ADAMTS8	52
ADAMTSL1	53
ADAMTSL3	54
ADAT2	55
ADCY1	56
ADD3	57
ADGRA1	58
ADGRB3	59
ADGRE5	60
ADGRF1	61
ADGRF4	62
ADGRG1	63
ADGRG5	64
ADGRL4	65
ADH1A	66
ADH4	67
ADH6	68
ADIPOQ	69
ADIRF	70
ADM	71
ADO	72
ADORA1	73
ADRA1B	74
ADRA2A	75
ADRA2B	76
ADRB2	77
ADTRP	78
AEN	79
AFAP1L2	80
AFDN	81
AFM	82
AFP	83
AGK	84
AGMO	85
AGO4	86
AGPAT4	87
AGR3	88
AGTR1	89
AGTRAP	90
AGXT	91
AHI1	92
AHNAK	93
AHR	94
AHSG	95
AICDA	96
AIF1	97
AIM2	98
AIMP2	99
AIPL1	100
AIRE	101
AK4	102
AK5	103
AK8	104
AKAIN1	105
AKR1C3	106
AKR1C8	107
AKR1D1	108
AKTIP	109
ALCAM	110
ALDH1A1	111
ALDH3B2	112
ALDOC	113
ALOX15	114
ALOX5	115
ALOX5AP	116
AMBN	117
AMDHD2	118
AMELX	119
AMER2	120
AMER3	121
AMHR2	122
AMIGO2	123
AMOTL2	124
AMPD1	125
AMPD3	126
ANGPT4	127
ANGPTL2	128
ANGPTL3	129
ANGPTL4	130
ANGPTL7	131
ANK1	132
ANK3	133
ANKRD10	134
ANKRD13B	135
ANKRD2	136
ANKRD30BL	137
ANKRD31	138
ANKRD34C	139
ANKRD37	140
ANKRD40CL	141
ANKS4B	142
ANKZF1	143
ANLN	144
ANO2	145
ANOS1	146
ANTXR2	147
ANTXRL	148
ANXA1	149
ANXA10	150
ANXA2R	151
ANXA4	152
AOAH	153
AOC1	154
AP1G2	155
AP3B2	156
APBA2	157
APC2	158
APELA	159
APLNR	160
APOA1	161
APOA4	162
APOA5	163
APOB	164
APOBEC3A	165
APOBEC3G	166
APOBEC3H	167
APOBEC4	168
APOBR	169
APOC3	170
APOD	171
APOF	172
APOL1	173
APOL2	174
APOL3	175
APOL5	176
APOL6	177
APOLD1	178
APP	179
AQP10	180
AQP2	181
AQP3	182
AQP9	183
AR	184
ARC	185
AREG	186
ARHGAP11A	187
ARHGAP11B	188
ARHGAP19	189
ARHGAP22	190
ARHGAP24	191
ARHGAP25	192
ARHGAP36	193
ARHGAP4	194
ARHGAP40	195
ARHGAP45	196
ARHGDIG	197
ARHGEF12	198
ARHGEF15	199
ARHGEF16	200
ARHGEF18	201
ARHGEF3	202
ARHGEF38	203
ARHGEF4	204
ARHGEF6	205
ARID5A	206
ARID5B	207
ARIH2OS	208
ARL14EPL	209
ARL4D	210
ARL5B	211
ARL6IP1	212
ARMC3	213
ARMC9	214
ARPIN	215
ARPP21	216
ARRB1	217
ARRDC2	218
ARRDC3	219
ARSA	220
ART4	221
ARX	222
ASAH2	223
ASAP1	224
ASB10	225
ASB15	226
ASB18	227
ASB5	228
ASCL1	229
ASCL2	230
ASCL3	231
ASF1B	232
ASIC5	233
ASIP	234
ASPA	235
ASPM	236
ASPN	237
ASTL	238
ASTN1	239
ASXL2	240
ATAD2	241
ATAD3B	242
ATAD5	243
ATCAY	244
ATF3	245
ATF4	246
ATF5	247
ATM	248
ATOH7	249
ATOSA	250
ATP12A	251
ATP1B2	252
ATP1B4	253
ATP2A3	254
ATP2B3	255
ATP2B4	256
ATP4B	257
ATP6V0D2	258
ATP6V1G3	259
ATP7A	260
ATP8B2	261
ATP8B4	262
ATXN1	263
ATXN3L	264
ATXN7L3B	265
AURKA	266
AURKB	267
AUTS2	268
AVPR1A	269
AVPR2	270
AZU1	271
B3GALT2	272
B3GNT5	273
B3GNT6	274
B3GNT7	275
B4GALT5	276
BACH1	277
BACH2	278
BAIAP3	279
BAMBI	280
BARHL2	281
BASP1	282
BATF	283
BATF3	284
BBC3	285
BCAM	286
BCHE	287
BCL11A	288
BCL11B	289
BCL2	290
BCL2A1	291
BCL2L1	292
BCL2L11	293
BCL3	294
BCL6	295
BCL9L	296
BCO1	297
BCOR	298
BCR	299
BDH2	300
BDKRB1	301
BDKRB2	302
BEAN1	303
BECN2	304
BEND5	305
BEST2	306
BEX3	307
BEX4	308
BGN	309
BHLHA9	310
BHLHE23	311
BHLHE40	312
BHMT	313
BICDL1	314
BIN1	315
BIN2	316
BIRC3	317
BIRC5	318
BLACAT1	319
BLOC1S4	320
BMERB1	321
BMP2	322
BMP4	323
BMP6	324
BMPER	325
BMPR1B	326
BNC2	327
BNIP3L	328
BNIP5	329
BOC	330
BOP1	331
BORA	332
BORCS6	333
BPGM	334
BPIFA3	335
BPIFB2	336
BPIFB4	337
BPIFC	338
BRDT	339
BRINP3	340
BRIX1	341
BTBD16	342
BTBD18	343
BTBD2	344
BTG1	345
BTG2	346
BTN3A2	347
BTNL2	348
BTNL3	349
BTNL8	350
BUB1	351
BYSL	352
C10orf62	353
C10orf95	354
C11orf42	355
C11orf68	356
C11orf71	357
C11orf86	358
C11orf96	359
C11orf97	360
C12orf57	361
C12orf75	362
C13orf42	363
C13orf46	364
C15orf39	365
C15orf48	366
C16orf74	367
C16orf78	368
C16orf87	369
C16orf90	370
C17orf107	371
C17orf50	372
C17orf78	373
C17orf99	374
C18orf63	375
C19orf67	376
C19orf73	377
C19orf81	378
C19orf85	379
C1QA	380
C1QB	381
C1QC	382
C1QL4	383
C1QTNF2	384
C1QTNF8	385
C1orf112	386
C1orf116	387
C1orf162	388
C1orf21	389
C1orf210	390
C1orf216	391
C1orf232	392
C22orf31	393
C2CD4A	394
C2CD4B	395
C3orf14	396
C3orf49	397
C3orf84	398
C4orf19	399
C4orf47	400
C4orf54	401
C5orf58	402
C6orf120	403
C6orf15	404
C6orf226	405
C7	406
C8B	407
C8orf33	408
C8orf34	409
C8orf74	410
C8orf89	411
C9orf72	412
CA10	413
CA2	414
CA4	415
CA5A	416
CA6	417
CA9	418
CABCOCO1	419
CABP2	420
CABP5	421
CABS1	422
CACNA1I	423
CACNA2D1	424
CACNG1	425
CACNG2	426
CACNG4	427
CACNG6	428
CADM3	429
CADPS	430
CADPS2	431
CALB2	432
CALCA	433
CALD1	434
CALHM2	435
CALHM4	436
CALHM6	437
CALML3	438
CALML5	439
CAMK1	440
CAMK2N2	441
CAMK4	442
CAPG	443
CAPN1	444
CAPN13	445
CARD14	446
CARD18	447
CARHSP1	448
CASP10	449
CASP4	450
CASP8	451
CASQ1	452
CATIP	453
CAV1	454
CAVIN3	455
CBLB	456
CBLC	457
CBR3	458
CBX4	459
CBY3	460
CC2D2A	461
CCDC110	462
CCDC166	463
CCDC182	464
CCDC185	465
CCDC187	466
CCDC190	467
CCDC195	468
CCDC200	469
CCDC3	470
CCDC33	471
CCDC38	472
CCDC50	473
CCDC54	474
CCDC6	475
CCDC60	476
CCDC69	477
CCDC7	478
CCDC71L	479
CCDC8	480
CCDC83	481
CCDC85B	482
CCDC87	483
CCDC92	484
CCK	485
CCKAR	486
CCL1	487
CCL13	488
CCL17	489
CCL18	490
CCL19	491
CCL2	492
CCL20	493
CCL21	494
CCL22	495
CCL26	496
CCL3	497
CCL3L3	498
CCL4	499
CCL4L2	500
CCL5	501
CCM2L	502
CCN1	503
CCN2	504
CCN3	505
CCN4	506
CCNA2	507
CCNB1	508
CCNB2	509
CCND1	510
CCNE2	511
CCNF	512
CCNG1	513
CCNG2	514
CCNI2	515
CCNL1	516
CCNO	517
CCR1	518
CCR10	519
CCR2	520
CCR3	521
CCR4	522
CCR5	523
CCR6	524
CCR7	525
CCR8	526
CCR9	527
CCT8L2	528
CD109	529
CD160	530
CD163	531
CD164L2	532
CD177	533
CD180	534
CD200	535
CD209	536
CD24	537
CD27	538
CD274	539
CD300A	540
CD300LB	541
CD300LD	542
CD300LF	543
CD37	544
CD38	545
CD40LG	546
CD55	547
CD68	548
CD69	549
CD7	550
CD70	551
CD74	552
CD79B	553
CD80	554
CD82	555
CD83	556
CD84	557
CD8A	558
CD9	559
CDC14A	560
CDC20	561
CDC25B	562
CDC42EP3	563
CDC45	564
CDC6	565
CDCA2	566
CDCA3	567
CDCA5	568
CDCA7	569
CDCA7L	570
CDCA8	571
CDH1	572
CDH10	573
CDH16	574
CDH17	575
CDH18	576
CDH3	577
CDH5	578
CDH6	579
CDH8	580
CDK1	581
CDK5R2	582
CDKN1A	583
CDKN1B	584
CDKN1C	585
CDKN2A	586
CDKN2AIP	587
CDKN2B	588
CDKN2C	589
CDKN2D	590
CDO1	591
CDR1	592
CDRT15L2	593
CDSN	594
CDT1	595
CDX1	596
CEACAM16	597
CEACAM3	598
CEACAM5	599
CEACAM6	600
CEACAM7	601
CEACAM8	602
CEBPA	603
CEBPB	604
CEBPD	605
CELA1	606
CELA3B	607
CEMIP	608
CEMIP2	609
CEMP1	610
CENPA	611
CENPE	612
CENPF	613
CENPH	614
CENPM	615
CENPN	616
CENPP	617
CENPU	618
CENPVL3	619
CENPW	620
CEP55	621
CER1	622
CES4A	623
CETN1	624
CETP	625
CFAP100	626
CFAP141	627
CFAP221	628
CFAP300	629
CFAP43	630
CFAP47	631
CFAP57	632
CFAP90	633
CFAP95	634
CFAP97D1	635
CFAP97D2	636
CFP	637
CGA	638
CH25H	639
CHAC1	640
CHAD	641
CHAF1A	642
CHD2	643
CHD7	644
CHDH	645
CHGA	646
CHIA	647
CHMP1B	648
CHMP7	649
CHRD	650
CHRDL1	651
CHRM1	652
CHRM2	653
CHRNA1	654
CHRNA2	655
CHRNA4	656
CHRNB2	657
CHRNB3	658
CHRND	659
CHST1	660
CHST12	661
CHSY1	662
CIDEA	663
CIITA	664
CIROP	665
CIT	666
CITED2	667
CITED4	668
CKAP2	669
CKAP2L	670
CKB	671
CKM	672
CKS1B	673
CKS2	674
CLCA1	675
CLCA4	676
CLCF1	677
CLDN17	678
CLDN18	679
CLDN19	680
CLDN22	681
CLDN23	682
CLDN25	683
CLDN5	684
CLDN6	685
CLDN7	686
CLDN8	687
CLEC10A	688
CLEC18C	689
CLEC19A	690
CLEC2A	691
CLEC2B	692
CLEC4G	693
CLEC7A	694
CLIC3	695
CLIC4	696
CLK1	697
CLK4	698
CLMP	699
CLNK	700
CLPSL1	701
CLSPN	702
CLSTN2	703
CLSTN3	704
CLU	705
CMPK2	706
CMSS1	707
CNGA2	708
CNMD	709
CNN1	710
CNN2	711
CNNM4	712
CNR1	713
CNRIP1	714
CNTN2	715
CNTN4	716
CNTNAP4	717
COL14A1	718
COL1A2	719
COL20A1	720
COL24A1	721
COL4A2	722
COL4A3	723
COL5A1	724
COL5A3	725
COL6A1	726
COL6A2	727
COL6A3	728
COLEC10	729
COLGALT1	730
COMP	731
CORIN	732
CORO7	733
COX8C	734
CP	735
CPA1	736
CPA5	737
CPB2	738
CPE	739
CPLX2	740
CPM	741
CPN1	742
CPN2	743
CPXM1	744
CR1	745
CRBN	746
CREBRF	747
CREM	748
CRIM1	749
CRIP1	750
CRISP1	751
CRISP2	752
CRISP3	753
CRLF1	754
CRNN	755
CROCC2	756
CRTAC1	757
CRTAM	758
CRYBA2	759
CRYBB1	760
CRYGD	761
CSDC2	762
CSF1	763
CSF2	764
CSF2RB	765
CSGALNACT1	766
CSHL1	767
CSKMT	768
CSN2	769
CSNK1A1L	770
CSPG4	771
CSRNP1	772
CSRNP3	773
CST4	774
CST5	775
CST6	776
CST7	777
CST9	778
CT62	779
CTF1	780
CTH	781
CTHRC1	782
CTLA4	783
CTNNA1	784
CTNNA2	785
CTNS	786
CTSA	787
CTSC	788
CTSD	789
CTSH	790
CTSS	791
CTSW	792
CTU2	793
CTXN3	794
CTXND2	795
CUL4B	796
CX3CR1	797
CXCL1	798
CXCL10	799
CXCL11	800
CXCL13	801
CXCL2	802
CXCL3	803
CXCL8	804
CXCL9	805
CXCR3	806
CXCR4	807
CXCR6	808
CXorf66	809
CYFIP2	810
CYGB	811
CYLC1	812
CYP11B2	813
CYP17A1	814
CYP19A1	815
CYP1A1	816
CYP1B1	817
CYP24A1	818
CYP26A1	819
CYP26B1	820
CYP2A7	821
CYP2W1	822
CYP4A22	823
CYP4F2	824
CYP51A1	825
CYP8B1	826
CYSLTR1	827
CYSRT1	828
CYTH4	829
DAAM2	830
DAB2	831
DACH1	832
DACT1	833
DACT2	834
DALRD3	835
DAND5	836
DAO	837
DAPP1	838
DAW1	839
DBX2	840
DCDC1	841
DCDC2	842
DCDC2B	843
DCN	844
DCST1	845
DCTPP1	846
DCUN1D5	847
DDB2	848
DDC	849
DDI1	850
DDIT3	851
DDIT4	852
DDIT4L	853
DDX21	854
DDX28	855
DDX3X	856
DDX3Y	857
DDX53	858
DDX60	859
DDX60L	860
DEDD2	861
DEFA4	862
DEFA6	863
DEFB112	864
DEFB115	865
DEFB118	866
DEFB119	867
DEFB124	868
DEFB125	869
DEFB126	870
DEFB129	871
DEFB134	872
DEGS2	873
DELEC1	874
DENND10	875
DENND3	876
DENND4C	877
DEPDC1	878
DEPDC1B	879
DEPP1	880
DES	881
DGAT2L6	882
DGKB	883
DGKI	884
DGLUCY	885
DHFR	886
DHH	887
DHRS2	888
DHRS3	889
DHRS7C	890
DHX58	891
DIRAS3	892
DKC1	893
DKK1	894
DKK3	895
DKK4	896
DKKL1	897
DLGAP4	898
DLGAP5	899
DLL4	900
DLX2	901
DLX3	902
DLX5	903
DMD	904
DMRT2	905
DMRTA2	906
DMRTB1	907
DMRTC2	908
DNAAF2	909
DNAH3	910
DNAH5	911
DNAJA4	912
DNAJB1	913
DNAJB8	914
DNAJB9	915
DNAJC12	916
DNAJC22	917
DNAJC28	918
DNAJC5G	919
DNASE1L3	920
DNMT3L	921
DNTT	922
DOCK11	923
DOK5	924
DOT1L	925
DPEP1	926
DPEP2	927
DPEP2NB	928
DPP4	929
DPP6	930
DPPA2	931
DPPA4	932
DPPA5	933
DPYD	934
DPYS	935
DPYSL2	936
DQX1	937
DRC7	938
DRD1	939
DRD5	940
DRGX	941
DSC1	942
DSC2	943
DSCAML1	944
DSCC1	945
DSEL	946
DSG3	947
DSG4	948
DSTYK	949
DTL	950
DTX3L	951
DUOX2	952
DUOXA1	953
DUS3L	954
DUSP1	955
DUSP10	956
DUSP13	957
DUSP16	958
DUSP2	959
DUSP21	960
DUSP4	961
DUSP5	962
DUSP6	963
DUSP8	964
DUT	965
DYDC2	966
DYNC2LI1	967
DYNLT2	968
DYNLT4	969
DYSF	970
E2F1	971
E2F2	972
EBI3	973
EBNA1BP2	974
EBP	975
ECE1	976
ECT2	977
EDA	978
EDARADD	979
EDDM3B	980
EDIL3	981
EDN1	982
EDN3	983
EED	984
EEF1A2	985
EEF1AKMT4	986
EEIG1	987
EFCAB9	988
EFNA1	989
EFNA2	990
EFNA5	991
EFNB1	992
EFNB2	993
EFNB3	994
EGFL6	995
EGLN3	996
EGR1	997
EGR2	998
EGR3	999
EGR4	1000
EHF	1001
EIF1AY	1002
EIF4A2	1003
EIF4E1B	1004
EIF4E3	1005
EIF4EBP1	1006
ELANE	1007
ELAPOR1	1008
ELF5	1009
ELL2	1010
ELOA2	1011
EMB	1012
EMG1	1013
EMP1	1014
EMX1	1015
EN1	1016
EN2	1017
ENC1	1018
ENO2	1019
ENPP2	1020
ENPP5	1021
ENSG00000170846	1022
ENSG00000283205	1023
ENSG00000283536	1024
ENSG00000284188	1025
ENSG00000284779	1026
ENSG00000284797	1027
ENSG00000285938	1028
ENSG00000290685	1029
ENTPD1	1030
ENTPD2	1031
ENTPD8	1032
EOMES	1033
EPAS1	1034
EPB41	1035
EPB42	1036
EPC1	1037
EPGN	1038
EPHA4	1039
EPHA6	1040
EPHB6	1041
EPM2AIP1	1042
EPN3	1043
EPO	1044
EPOP	1045
EPPIN	1046
EPPK1	1047
EPSTI1	1048
EPX	1049
ERAS	1050
ERBB3	1051
ERCC6L2	1052
ERICH4	1053
ERICH6	1054
ERMP1	1055
ERN1	1056
ERVV-2	1057
ESM1	1058
ESPL1	1059
ESRP2	1060
ESX1	1061
ETS2	1062
ETV6	1063
EVA1B	1064
EVC	1065
EVI2A	1066
EVI2B	1067
EVL	1068
EVPL	1069
EVX1	1070
EVX2	1071
EXD1	1072
EXO1	1073
EXOC1L	1074
EXOSC4	1075
EXT1	1076
EYA4	1077
F11R	1078
F2RL2	1079
F3	1080
F5	1081
F7	1082
F9	1083
FABP12	1084
FABP3	1085
FABP4	1086
FABP5	1087
FABP9	1088
FADS1	1089
FADS2	1090
FAM110B	1091
FAM110D	1092
FAM111A	1093
FAM111B	1094
FAM117A	1095
FAM13A	1096
FAM151A	1097
FAM162A	1098
FAM163A	1099
FAM180A	1100
FAM181A	1101
FAM187B	1102
FAM200B	1103
FAM205A	1104
FAM216A	1105
FAM218A	1106
FAM221B	1107
FAM237A	1108
FAM237B	1109
FAM240A	1110
FAM240B	1111
FAM241A	1112
FAM24A	1113
FAM3C	1114
FAM3D	1115
FAM43A	1116
FAM53C	1117
FAM83D	1118
FAM83E	1119
FAM90A26	1120
FANCA	1121
FANCD2OS	1122
FANCI	1123
FANK1	1124
FAS	1125
FASLG	1126
FASN	1127
FAT2	1128
FAT3	1129
FAXDC2	1130
FBP2	1131
FBXO17	1132
FBXO30	1133
FBXO32	1134
FBXO40	1135
FCAR	1136
FCER1G	1137
FCGBP	1138
FCGR3B	1139
FCMR	1140
FCN2	1141
FCRL2	1142
FCRL4	1143
FCRL5	1144
FCRL6	1145
FDXR	1146
FEM1A	1147
FEN1	1148
FES	1149
FEV	1150
FGB	1151
FGD3	1152
FGF11	1153
FGF13	1154
FGF16	1155
FGF17	1156
FGF18	1157
FGF22	1158
FGF5	1159
FGF6	1160
FGF8	1161
FGF9	1162
FGFBP2	1163
FGFR1	1164
FGFR2	1165
FGL1	1166
FGL2	1167
FHIT	1168
FHOD3	1169
FIBCD1	1170
FIGN	1171
FIGNL2	1172
FILIP1L	1173
FJX1	1174
FKBP11	1175
FKBP1C	1176
FKBP6	1177
FLCN	1178
FLG	1179
FLNB	1180
FLOT1	1181
FLT1	1182
FLT3LG	1183
FMN1	1184
FMN2	1185
FMNL2	1186
FMO1	1187
FN1	1188
FNDC3B	1189
FNDC5	1190
FNDC9	1191
FOS	1192
FOSB	1193
FOSL1	1194
FOSL2	1195
FOXA2	1196
FOXA3	1197
FOXB2	1198
FOXC1	1199
FOXC2	1200
FOXD1	1201
FOXD2	1202
FOXD3	1203
FOXD4	1204
FOXE1	1205
FOXF1	1206
FOXI2	1207
FOXI3	1208
FOXJ1	1209
FOXL1	1210
FOXL3	1211
FOXM1	1212
FOXN4	1213
FOXO6	1214
FOXP1	1215
FOXP3	1216
FOXR2	1217
FPR2	1218
FPR3	1219
FREM3	1220
FRG2	1221
FRG2C	1222
FRMD4B	1223
FRMPD3	1224
FSCN1	1225
FSCN3	1226
FSHB	1227
FSHR	1228
FSIP2	1229
FST	1230
FSTL5	1231
FTCD	1232
FTH1	1233
FUT11	1234
FUT7	1235
FUT8	1236
FXYD2	1237
FXYD6	1238
FYB1	1239
FYN	1240
FZD1	1241
FZD4	1242
FZD7	1243
FZD8	1244
FZD9	1245
G0S2	1246
G6PC1	1247
GAB2	1248
GAB3	1249
GABARAP	1250
GABBR2	1251
GABPB1	1252
GABRA5	1253
GABRQ	1254
GAD2	1255
GADD45A	1256
GADD45B	1257
GADD45G	1258
GAGE1	1259
GAL3ST3	1260
GALNT16	1261
GALNT2	1262
GALNTL6	1263
GALP	1264
GALR1	1265
GALT	1266
GAPT	1267
GARIN4	1268
GARIN5B	1269
GAST	1270
GATA3	1271
GBE1	1272
GBP1	1273
GBP4	1274
GBP5	1275
GBX2	1276
GC	1277
GCG	1278
GCHFR	1279
GCKR	1280
GCM2	1281
GCNT7	1282
GCSAML	1283
GDA	1284
GDF10	1285
GDF15	1286
GDF5	1287
GDF5-AS1	1288
GDNF	1289
GEM	1290
GFI1	1291
GFPT2	1292
GFRAL	1293
GGH	1294
GGT6	1295
GH1	1296
GH2	1297
GHR	1298
GHRH	1299
GIMAP1	1300
GIMAP2	1301
GIMAP4	1302
GIMAP5	1303
GIMAP6	1304
GIMAP7	1305
GIMAP8	1306
GINS2	1307
GJA1	1308
GJA4	1309
GJA9	1310
GJB2	1311
GJB3	1312
GJB4	1313
GJB6	1314
GJD2	1315
GJD3	1316
GJE1	1317
GKN1	1318
GLCCI1	1319
GLIPR1	1320
GLIPR1L1	1321
GLIPR1L2	1322
GLIPR2	1323
GLRA3	1324
GLRX	1325
GLTPD2	1326
GLUL	1327
GLYAT	1328
GLYATL1	1329
GLYCTK	1330
GMCL2	1331
GMNC	1332
GMNN	1333
GNA15	1334
GNAI1	1335
GNAT3	1336
GNB4	1337
GNB5	1338
GNG13	1339
GNG14	1340
GNG3	1341
GNG4	1342
GNG8	1343
GNGT1	1344
GNLY	1345
GOLGA7B	1346
GOLGA8H	1347
GOLGA8O	1348
GOLIM4	1349
GOT1L1	1350
GP2	1351
GPAT3	1352
GPATCH4	1353
GPC4	1354
GPER1	1355
GPR101	1356
GPR132	1357
GPR141	1358
GPR149	1359
GPR15	1360
GPR160	1361
GPR162	1362
GPR17	1363
GPR173	1364
GPR174	1365
GPR18	1366
GPR183	1367
GPR20	1368
GPR31	1369
GPR32	1370
GPR34	1371
GPR37L1	1372
GPR61	1373
GPR65	1374
GPR68	1375
GPR87	1376
GPRC5C	1377
GPRIN3	1378
GPSM2	1379
GPSM3	1380
GPX5	1381
GPX6	1382
GRAMD1A	1383
GRAMD1B	1384
GRAMD2A	1385
GRAMD4	1386
GRAP2	1387
GRB14	1388
GREB1L	1389
GREM1	1390
GRHL2	1391
GRIA1	1392
GRIA4	1393
GRID2	1394
GRIK1	1395
GRIK3	1396
GRIN1	1397
GRIN2C	1398
GRIN3B	1399
GRINA	1400
GRK1	1401
GRK3	1402
GRM3	1403
GRN	1404
GRWD1	1405
GSC	1406
GSDMB	1407
GSDMD	1408
GSG1L2	1409
GSTA1	1410
GSTA5	1411
GSTM3	1412
GSTT4	1413
GSX2	1414
GTPBP4	1415
GTSE1	1416
GTSF1	1417
GTSF1L	1418
GUCA1C	1419
GUCY2C	1420
GVQW3	1421
GXYLT2	1422
GZMA	1423
GZMB	1424
GZMH	1425
GZMK	1426
GZMM	1427
H1-0	1428
H1-1	1429
H1-10	1430
H1-2	1431
H1-3	1432
H1-4	1433
H1-5	1434
H2AC1	1435
H2AC11	1436
H2AC13	1437
H2AC25	1438
H2AC6	1439
H2AC8	1440
H2AJ	1441
H2AP	1442
H2AX	1443
H2AZ1	1444
H2BC1	1445
H2BC21	1446
H2BC26	1447
H2BC8	1448
H2BC9	1449
H3C10	1450
H3C8	1451
H3Y2	1452
H4C16	1453
H4C2	1454
H4C3	1455
H4C5	1456
HABP4	1457
HACD4	1458
HAMP	1459
HAND2	1460
HAO2	1461
HAP1	1462
HAPLN3	1463
HAPLN4	1464
HAS1	1465
HAVCR2	1466
HBA2	1467
HBB	1468
HBEGF	1469
HBG1	1470
HBP1	1471
HCAR1	1472
HCRTR1	1473
HCST	1474
HDAC7	1475
HDGFL3	1476
HEATR5A	1477
HEATR9	1478
HEBP2	1479
HECTD2	1480
HECW1	1481
HEG1	1482
HELB	1483
HELLS	1484
HEPACAM	1485
HEPN1	1486
HERC3	1487
HERC5	1488
HERC6	1489
HERPUD1	1490
HES1	1491
HES2	1492
HES4	1493
HES6	1494
HEXA	1495
HEXIM1	1496
HHATL	1497
HHIP	1498
HHIPL1	1499
HIF3A	1500
HIGD1B	1501
HILPDA	1502
HIPK2	1503
HIPK4	1504
HIVEP3	1505
HJURP	1506
HJV	1507
HK2	1508
HK3	1509
HKDC1	1510
HLF	1511
HLX	1512
HMCN2	1513
HMGB2	1514
HMGCS1	1515
HMMR	1516
HMOX1	1517
HMX2	1518
HNF1A	1519
HOATZ	1520
HOGA1	1521
HOMER1	1522
HOMER2	1523
HOXA1	1524
HOXA10	1525
HOXA11	1526
HOXA13	1527
HOXA2	1528
HOXA6	1529
HOXA9	1530
HOXB1	1531
HOXB2	1532
HOXC12	1533
HOXC13	1534
HOXC5	1535
HOXC8	1536
HOXD1	1537
HOXD10	1538
HOXD3	1539
HOXD8	1540
HOXD9	1541
HPD	1542
HPGD	1543
HPGDS	1544
HPN	1545
HPSE	1546
HRC	1547
HRH1	1548
HRH2	1549
HRH4	1550
HRNR	1551
HS3ST1	1552
HS3ST3B1	1553
HS3ST4	1554
HS3ST5	1555
HSD17B11	1556
HSD17B14	1557
HSD3B1	1558
HSF4	1559
HSFX3	1560
HSFX4	1561
HSH2D	1562
HSPA12B	1563
HSPA1A	1564
HSPA1B	1565
HSPA2	1566
HSPA6	1567
HSPB1	1568
HSPB7	1569
HSPE1	1570
HSPG2	1571
HSPH1	1572
HTR1D	1573
HTR2A	1574
HTR2B	1575
HTR3C	1576
HTR3E	1577
HTR4	1578
HTR7	1579
HYAL1	1580
HYAL2	1581
IAPP	1582
ICAM1	1583
ICAM2	1584
ICAM3	1585
ICAM5	1586
ICOS	1587
ID1	1588
ID2	1589
ID3	1590
ID4	1591
IDI2	1592
IDO2	1593
IDS	1594
IER2	1595
IER3	1596
IER5	1597
IER5L	1598
IFFO2	1599
IFI27	1600
IFI30	1601
IFI35	1602
IFI44	1603
IFI44L	1604
IFI6	1605
IFIH1	1606
IFIT1	1607
IFIT2	1608
IFIT3	1609
IFIT5	1610
IFITM2	1611
IFNA14	1612
IFNA16	1613
IFNA5	1614
IFNA6	1615
IFNA8	1616
IFNB1	1617
IFNG	1618
IFNGR2	1619
IFNK	1620
IFNL1	1621
IFNW1	1622
IFRD1	1623
IFRD2	1624
IFT57	1625
IGBP1	1626
IGDCC4	1627
IGF1	1628
IGFBP3	1629
IGFBP4	1630
IGFBP6	1631
IGFL1	1632
IGFL2	1633
IGFL3	1634
IGFL4	1635
IGFLR1	1636
IGHA2	1637
IGHM	1638
IGKC	1639
IGLC7	1640
IGSF21	1641
IGSF22	1642
IGSF9B	1643
IHO1	1644
IKBKE	1645
IKZF2	1646
IKZF3	1647
IL10	1648
IL10RA	1649
IL12B	1650
IL12RB2	1651
IL13	1652
IL16	1653
IL17A	1654
IL17B	1655
IL17F	1656
IL17RB	1657
IL18	1658
IL18R1	1659
IL18RAP	1660
IL19	1661
IL1A	1662
IL1B	1663
IL1F10	1664
IL1R1	1665
IL1RAP	1666
IL1RL1	1667
IL1RN	1668
IL2	1669
IL21	1670
IL21R	1671
IL22	1672
IL22RA2	1673
IL23A	1674
IL23R	1675
IL24	1676
IL25	1677
IL26	1678
IL27	1679
IL2RB	1680
IL3	1681
IL31	1682
IL32	1683
IL33	1684
IL36B	1685
IL36RN	1686
IL3RA	1687
IL4	1688
IL4I1	1689
IL5	1690
IL6	1691
IL6ST	1692
IL7R	1693
IL9	1694
IL9R	1695
IMMP2L	1696
IMP4	1697
IMPG1	1698
INCENP	1699
INF2	1700
INHA	1701
INHBA	1702
INKA2	1703
INPP4A	1704
INPP5F	1705
INS	1706
INSC	1707
INSIG1	1708
INSIG2	1709
INSL6	1710
INSM1	1711
INSM2	1712
INSYN2B	1713
INTS6	1714
IQCF2	1715
IQCF5	1716
IQCJ	1717
IQCM	1718
IQCN	1719
IQSEC1	1720
IQSEC3	1721
IRAG1	1722
IRAG2	1723
IRF1	1724
IRF2BPL	1725
IRF4	1726
IRF7	1727
IRF8	1728
IRF9	1729
IRS2	1730
IRS4	1731
IRX1	1732
IRX3	1733
ISG15	1734
ISG20	1735
ISLR	1736
ISLR2	1737
ISX	1738
ITGA2	1739
ITGA4	1740
ITGA5	1741
ITGA6	1742
ITGA8	1743
ITGAM	1744
ITGAX	1745
ITGB1	1746
ITGB3	1747
ITIH1	1748
ITM2A	1749
ITM2B	1750
ITM2C	1751
ITPKB	1752
ITPKC	1753
ITPR1	1754
ITPR2	1755
ITPRID1	1756
ITPRIPL2	1757
IVL	1758
IVNS1ABP	1759
IZUMO1R	1760
IZUMO4	1761
JAG1	1762
JAK2	1763
JAML	1764
JARID2	1765
JCAD	1766
JCHAIN	1767
JMY	1768
JPH4	1769
JRKL	1770
JUN	1771
JUNB	1772
KAAG1	1773
KASH5	1774
KAT2B	1775
KBTBD13	1776
KCNA1	1777
KCNA7	1778
KCNB2	1779
KCND3	1780
KCNE3	1781
KCNH7	1782
KCNJ10	1783
KCNJ13	1784
KCNJ16	1785
KCNJ4	1786
KCNJ9	1787
KCNK16	1788
KCNK18	1789
KCNK5	1790
KCNN4	1791
KCNU1	1792
KCNV1	1793
KCTD12	1794
KCTD7	1795
KDF1	1796
KDM3A	1797
KDM4F	1798
KDM5B	1799
KDM6B	1800
KDM7A	1801
KHDC3L	1802
KIAA0319L	1803
KIAA1210	1804
KIAA1217	1805
KIAA1671	1806
KIAA1755	1807
KIF11	1808
KIF12	1809
KIF14	1810
KIF15	1811
KIF16B	1812
KIF17	1813
KIF18B	1814
KIF20A	1815
KIF20B	1816
KIF21B	1817
KIF22	1818
KIF23	1819
KIF25	1820
KIF26B	1821
KIF2B	1822
KIF2C	1823
KIF3A	1824
KIFC1	1825
KIRREL3	1826
KIT	1827
KITLG	1828
KLF10	1829
KLF11	1830
KLF12	1831
KLF14	1832
KLF17	1833
KLF2	1834
KLF3	1835
KLF4	1836
KLF6	1837
KLF7	1838
KLF9	1839
KLHL1	1840
KLHL14	1841
KLHL21	1842
KLHL24	1843
KLHL33	1844
KLHL4	1845
KLK10	1846
KLK12	1847
KLK4	1848
KLK6	1849
KLK7	1850
KLLN	1851
KLRB1	1852
KLRC3	1853
KLRC4	1854
KLRD1	1855
KLRG1	1856
KLRK1	1857
KMO	1858
KNCN	1859
KNL1	1860
KNSTRN	1861
KNTC1	1862
KPNA2	1863
KRCC1	1864
KREMEN2	1865
KRT12	1866
KRT13	1867
KRT15	1868
KRT20	1869
KRT24	1870
KRT25	1871
KRT31	1872
KRT33B	1873
KRT35	1874
KRT37	1875
KRT6A	1876
KRT6B	1877
KRT75	1878
KRT82	1879
KRT83	1880
KRT84	1881
KRTAP1-1	1882
KRTAP1-4	1883
KRTAP1-5	1884
KRTAP10-10	1885
KRTAP10-2	1886
KRTAP10-7	1887
KRTAP12-3	1888
KRTAP13-1	1889
KRTAP16-1	1890
KRTAP19-2	1891
KRTAP19-3	1892
KRTAP19-8	1893
KRTAP2-4	1894
KRTAP20-2	1895
KRTAP22-2	1896
KRTAP23-1	1897
KRTAP24-1	1898
KRTAP4-16	1899
KRTAP4-4	1900
KRTAP5-3	1901
KRTAP5-6	1902
KRTAP6-1	1903
KRTAP9-3	1904
KRTAP9-7	1905
KRTAP9-8	1906
LACTBL1	1907
LAG3	1908
LAIR1	1909
LAIR2	1910
LAMA1	1911
LAMA4	1912
LAMB1	1913
LAMB2	1914
LAPTM4B	1915
LAT2	1916
LAYN	1917
LBH	1918
LBX1	1919
LBX2	1920
LCE1B	1921
LCE1C	1922
LCE2C	1923
LCE3A	1924
LCE3D	1925
LCE5A	1926
LCE6A	1927
LCN2	1928
LCN6	1929
LDHC	1930
LDLRAD1	1931
LEF1	1932
LEFTY2	1933
LENG8	1934
LENG9	1935
LEP	1936
LGALS1	1937
LGALS3	1938
LGALS3BP	1939
LGALS7	1940
LGMN	1941
LGR5	1942
LHFPL3	1943
LHFPL7	1944
LHX2	1945
LHX9	1946
LIF	1947
LIG1	1948
LILRA5	1949
LIM2	1950
LIMA1	1951
LIMCH1	1952
LIMD2	1953
LIMS2	1954
LIN7A	1955
LINC02694	1956
LINC02929	1957
LINC03043	1958
LINGO1	1959
LINGO4	1960
LINS1	1961
LIPK	1962
LIPM	1963
LIPN	1964
LITAFD	1965
LLCFC1	1966
LMNA	1967
LMNTD1	1968
LMO4	1969
LMX1B	1970
LNX1	1971
LOXHD1	1972
LPAR1	1973
LPAR6	1974
LPGAT1	1975
LPL	1976
LPO	1977
LRAT	1978
LRATD1	1979
LRATD2	1980
LRFN4	1981
LRIG1	1982
LRIT1	1983
LRP1B	1984
LRP5	1985
LRP8	1986
LRRC15	1987
LRRC19	1988
LRRC2	1989
LRRC25	1990
LRRC32	1991
LRRC4	1992
LRRC53	1993
LRRC73	1994
LRRC74A	1995
LRRC74B	1996
LRRC8A	1997
LRRC8B	1998
LRRD1	1999
LRRN3	2000
LRRTM4	2001
LSMEM2	2002
LSP1	2003
LSR	2004
LST1	2005
LTA	2006
LTB	2007
LTK	2008
LTV1	2009
LUM	2010
LUZP2	2011
LUZP4	2012
LY6D	2013
LY6G6C	2014
LY6G6D	2015
LY6G6F	2016
LY6L	2017
LY9	2018
LY96	2019
LYPD2	2020
LYPD4	2021
LYPD6B	2022
LYSMD2	2023
LYST	2024
LYVE1	2025
LYZ	2026
LYZL1	2027
LYZL6	2028
LZTFL1	2029
MAB21L1	2030
MAB21L2	2031
MAB21L3	2032
MACROD2	2033
MAD1L1	2034
MAD2L1	2035
MADCAM1	2036
MAF	2037
MAFA	2038
MAFB	2039
MAGEA10	2040
MAGEA4	2041
MAGEA6	2042
MAGEB18	2043
MAGEB3	2044
MAGEB6	2045
MAGED2	2046
MAK16	2047
MAL	2048
MAN1C1	2049
MAOA	2050
MAP1LC3B	2051
MAP1LC3C	2052
MAP2K3	2053
MAP3K1	2054
MAP3K19	2055
MAP3K8	2056
MAP4K1	2057
MAP4K4	2058
MAPK4	2059
MAPK6	2060
MAPKAPK2	2061
MARCHF10	2062
MARCHF8	2063
MARCKS	2064
MARCKSL1	2065
MARVELD3	2066
MASP2	2067
MAST4	2068
MAT1A	2069
MAT2A	2070
MATK	2071
MATN1	2072
MATN2	2073
MB	2074
MB21D2	2075
MBD3L1	2076
MBOAT4	2077
MBOAT7	2078
MC3R	2079
MC4R	2080
MCHR1	2081
MCM10	2082
MCM2	2083
MCM3	2084
MCM4	2085
MCM5	2086
MCM6	2087
MCM7	2088
MCOLN2	2089
MCOLN3	2090
MCTP1	2091
MCTP2	2092
MCUB	2093
MDGA2	2094
MDM2	2095
MECOM	2096
MEGF10	2097
MEGF11	2098
MEIKIN	2099
MELK	2100
MEOX2	2101
MEPE	2102
METRNL	2103
METTL1	2104
METTL21C	2105
METTL7B	2106
MEX3B	2107
MFAP4	2108
MFAP5	2109
MFSD2A	2110
MGAM2	2111
MGAT2	2112
MGAT4A	2113
MGAT4C	2114
MGAT4D	2115
MGST1	2116
MGST2	2117
MGST3	2118
MICAL1	2119
MICAL2	2120
MID1IP1	2121
MIDN	2122
MINDY4B	2123
MINK1	2124
MKI67	2125
MKNK2	2126
MKRN2OS	2127
MLANA	2128
MLF1	2129
MLIP	2130
MLLT3	2131
MLN	2132
MMD2	2133
MMP1	2134
MMP10	2135
MMP13	2136
MMP20	2137
MMP23B	2138
MMP24	2139
MMP24OS	2140
MMP26	2141
MMP3	2142
MMP8	2143
MMRN2	2144
MND1	2145
MOAP1	2146
MOBP	2147
MOCS3	2148
MOGAT2	2149
MOGAT3	2150
MORC2	2151
MORN5	2152
MOSPD3	2153
MOXD1	2154
MPEG1	2155
MPIG6B	2156
MPO	2157
MPP4	2158
MPPED1	2159
MPZL3	2160
MREG	2161
MRGPRE	2162
MRGPRG	2163
MRGPRX3	2164
MRGPRX4	2165
MRO	2166
MROH2A	2167
MROH2B	2168
MRTO4	2169
MS4A10	2170
MS4A13	2171
MS4A14	2172
MS4A15	2173
MS4A3	2174
MS4A4A	2175
MS4A4E	2176
MS4A5	2177
MS4A6E	2178
MS4A7	2179
MSC	2180
MSH6	2181
MSLN	2182
MSLNL	2183
MSMB	2184
MSMO1	2185
MSTN	2186
MSX1	2187
MT-ATP6	2188
MT-CO2	2189
MT-CO3	2190
MT-CYB	2191
MT-ND3	2192
MT-ND4	2193
MT-ND4L	2194
MT-ND6	2195
MT1B	2196
MT1H	2197
MT1X	2198
MT2A	2199
MTARC2	2200
MTERF4	2201
MTHFD1L	2202
MTNR1B	2203
MTSS1	2204
MTUS2	2205
MTX3	2206
MUC1	2207
MUC13	2208
MUC15	2209
MUC17	2210
MUC22	2211
MUC3A	2212
MUC5B	2213
MUC6	2214
MUC7	2215
MVK	2216
MX1	2217
MX2	2218
MXD1	2219
MXD4	2220
MXI1	2221
MXRA5	2222
MXRA7	2223
MXRA8	2224
MYADML2	2225
MYB	2226
MYBL2	2227
MYBPC1	2228
MYBPC3	2229
MYBPHL	2230
MYC	2231
MYCL	2232
MYCN	2233
MYCNOS	2234
MYD88	2235
MYEF2	2236
MYH13	2237
MYH14	2238
MYH8	2239
MYL11	2240
MYL3	2241
MYL7	2242
MYL9	2243
MYO1E	2244
MYO1F	2245
MYOC	2246
MYOF	2247
MYOM2	2248
MYOM3	2249
MYOZ1	2250
MYOZ2	2251
MYPN	2252
MYRIP	2253
MZB1	2254
N4BP2L1	2255
N4BP3	2256
NAA11	2257
NAB2	2258
NABP1	2259
NALCN	2260
NAMPT	2261
NANOS1	2262
NANOS2	2263
NAT2	2264
NAT8	2265
NAT8L	2266
NBL1	2267
NCALD	2268
NCAM1	2269
NCAPD2	2270
NCAPD3	2271
NCAPG	2272
NCAPG2	2273
NCBP2AS2	2274
NCDN	2275
NCF4	2276
NCLN	2277
NCR1	2278
NDC80	2279
NDFIP2	2280
NDST3	2281
NDUFAF4	2282
NDUFAF8	2283
NECAB3	2284
NECTIN4	2285
NEDD4L	2286
NEDD9	2287
NEFL	2288
NEFM	2289
NEK2	2290
NEK6	2291
NELL1	2292
NELL2	2293
NET1	2294
NETO1	2295
NETO2	2296
NEU2	2297
NEUROD1	2298
NEUROD2	2299
NEUROD6	2300
NEUROG1	2301
NEUROG2	2302
NFAT5	2303
NFE2L3	2304
NFIL3	2305
NFKBIA	2306
NFKBID	2307
NFKBIZ	2308
NGB	2309
NHLH2	2310
NHLRC1	2311
NIBAN1	2312
NIBAN2	2313
NIFK	2314
NINJ1	2315
NIP7	2316
NIPA1	2317
NKAIN2	2318
NKAIN3	2319
NKAIN4	2320
NKAPL	2321
NKG7	2322
NKPD1	2323
NKX1-1	2324
NKX2-2	2325
NKX2-4	2326
NKX2-5	2327
NKX3-1	2328
NKX6-1	2329
NKX6-3	2330
NLGN1	2331
NLRC3	2332
NLRC5	2333
NLRP1	2334
NLRP10	2335
NLRP5	2336
NLRP6	2337
NMRK1	2338
NMRK2	2339
NMS	2340
NMT2	2341
NNMT	2342
NOBOX	2343
NOG	2344
NOLC1	2345
NOP14	2346
NOP16	2347
NOP2	2348
NOP56	2349
NOS2	2350
NOSIP	2351
NOTCH3	2352
NOVA2	2353
NOX3	2354
NPB	2355
NPBWR2	2356
NPC2	2357
NPDC1	2358
NPHP3	2359
NPHS1	2360
NPM3	2361
NPNT	2362
NPPA	2363
NPPC	2364
NPR1	2365
NPSR1	2366
NPTX1	2367
NPTX2	2368
NPVF	2369
NPY	2370
NPY1R	2371
NPY2R	2372
NQO1	2373
NR0B1	2374
NR0B2	2375
NR1D2	2376
NR1I3	2377
NR2F2	2378
NR4A1	2379
NR4A2	2380
NR4A3	2381
NRARP	2382
NREP	2383
NRG1	2384
NRG4	2385
NRK	2386
NRN1	2387
NRP1	2388
NRP2	2389
NRTN	2390
NRXN1	2391
NSG1	2392
NSG2	2393
NSMCE3	2394
NSMF	2395
NT5C1B	2396
NT5DC2	2397
NT5E	2398
NTN4	2399
NTSR1	2400
NUAK1	2401
NUAK2	2402
NUCB2	2403
NUDT10	2404
NUF2	2405
NUPR1	2406
NUSAP1	2407
NWD2	2408
NXF1	2409
NXPE1	2410
NXPH3	2411
NXT1	2412
OAS1	2413
OAS3	2414
OASL	2415
OC90	2416
OCA2	2417
OCIAD2	2418
ODAM	2419
ODAPH	2420
ODC1	2421
OGT	2422
OLAH	2423
OLFM1	2424
OLFM2	2425
OLFML1	2426
OLIG2	2427
OLIG3	2428
OMP	2429
ONECUT2	2430
OOSP2	2431
OOSP4B	2432
OPALIN	2433
OPN1SW	2434
OPN4	2435
OPRK1	2436
OPRPN	2437
OPTN	2438
OR10A6	2439
OR10A7	2440
OR10AD1	2441
OR10C1	2442
OR10G2	2443
OR10G3	2444
OR10H1	2445
OR10K1	2446
OR10P1	2447
OR10S1	2448
OR10T2	2449
OR10Z1	2450
OR11G2	2451
OR11H6	2452
OR12D3	2453
OR13C2	2454
OR13C3	2455
OR13C4	2456
OR13C9	2457
OR13F1	2458
OR13H1	2459
OR14A16	2460
OR14J1	2461
OR1D2	2462
OR1L3	2463
OR1L6	2464
OR1N2	2465
OR1R1P	2466
OR2A5	2467
OR2AG1	2468
OR2AJ1	2469
OR2AP1	2470
OR2AT4	2471
OR2B3	2472
OR2C1	2473
OR2F1	2474
OR2F2	2475
OR2G3	2476
OR2H2	2477
OR2I1P	2478
OR2K2	2479
OR2M4	2480
OR2M7	2481
OR2S2	2482
OR2T1	2483
OR2T10	2484
OR2T12	2485
OR2T2	2486
OR2T4	2487
OR2V1	2488
OR2V2	2489
OR2W1	2490
OR2Y1	2491
OR3A3	2492
OR4C13	2493
OR4C46	2494
OR4C5	2495
OR4D10	2496
OR4D2	2497
OR4E2	2498
OR4F4	2499
OR4K1	2500
OR4K13	2501
OR4K14	2502
OR4K15	2503
OR4K5	2504
OR4M2B	2505
OR4P4	2506
OR4S1	2507
OR4X1	2508
OR4X2	2509
OR51A2	2510
OR51A4	2511
OR51A7	2512
OR51B6	2513
OR51D1	2514
OR51E2	2515
OR51G1	2516
OR51S1	2517
OR52A5	2518
OR52D1	2519
OR52E4	2520
OR52E5	2521
OR52K2	2522
OR52N2	2523
OR52N4	2524
OR56A1	2525
OR56A3	2526
OR5A1	2527
OR5A2	2528
OR5AN1	2529
OR5AR1	2530
OR5D13	2531
OR5D16	2532
OR5D18	2533
OR5F1	2534
OR5H2	2535
OR5I1	2536
OR5J2	2537
OR5K1	2538
OR5K2	2539
OR5K4	2540
OR5M10	2541
OR5P2	2542
OR5T2	2543
OR5V1	2544
OR5W2	2545
OR6B2	2546
OR6C1	2547
OR6C2	2548
OR6C4	2549
OR6C65	2550
OR6C68	2551
OR6C74	2552
OR6C75	2553
OR6C76	2554
OR6Q1	2555
OR6T1	2556
OR7A10	2557
OR7A17	2558
OR7A5	2559
OR7C1	2560
OR7E24	2561
OR7G2	2562
OR7G3	2563
OR8A1	2564
OR8B12	2565
OR8B2	2566
OR8B8	2567
OR8D1	2568
OR8H2	2569
OR8K3	2570
OR8K5	2571
OR9A4	2572
OR9G1	2573
ORC6	2574
ORMDL3	2575
OSBPL10	2576
OSM	2577
OSMR	2578
OSR1	2579
OSR2	2580
OSTF1	2581
OSTN	2582
OTOF	2583
OTOL1	2584
OTOP1	2585
OTOP2	2586
OTOP3	2587
OTOR	2588
OTOS	2589
OTX2	2590
OXLD1	2591
OXNAD1	2592
OXSM	2593
OXT	2594
P2RX4	2595
P2RX5	2596
P2RY10	2597
P2RY11	2598
P2RY12	2599
P2RY13	2600
P2RY14	2601
P2RY2	2602
P2RY6	2603
P2RY8	2604
P3R3URF	2605
P4HA1	2606
P4HA2	2607
PABIR1	2608
PABPC5	2609
PACSIN1	2610
PADI1	2611
PAG1	2612
PAGE4	2613
PAH	2614
PALLD	2615
PALM	2616
PALM2AKAP2	2617
PALMD	2618
PAM	2619
PANO1	2620
PANX3	2621
PAQR9	2622
PARP12	2623
PARP14	2624
PARP15	2625
PARP8	2626
PARP9	2627
PARPBP	2628
PARVG	2629
PATE1	2630
PATE3	2631
PATE4	2632
PATJ	2633
PATL2	2634
PAX2	2635
PAX3	2636
PAX6	2637
PBOV1	2638
PBX1	2639
PBXIP1	2640
PCARE	2641
PCDH1	2642
PCDH10	2643
PCDH11X	2644
PCDH15	2645
PCDH17	2646
PCDH19	2647
PCDH7	2648
PCDH8	2649
PCDH9	2650
PCDHA1	2651
PCDHA10	2652
PCDHA11	2653
PCDHA13	2654
PCDHA4	2655
PCDHA5	2656
PCDHA6	2657
PCDHAC1	2658
PCDHB16	2659
PCDHB2	2660
PCDHB3	2661
PCDHB5	2662
PCDHB8	2663
PCDHB9	2664
PCDHGA1	2665
PCDHGA10	2666
PCDHGA2	2667
PCDHGA3	2668
PCDHGA7	2669
PCDHGB7	2670
PCED1B	2671
PCLAF	2672
PCMTD1	2673
PCMTD2	2674
PCNA	2675
PCP4	2676
PCSK2	2677
PCSK6	2678
PDC	2679
PDCD1	2680
PDCD4	2681
PDCL2	2682
PDE3B	2683
PDE4B	2684
PDE4C	2685
PDE4D	2686
PDE5A	2687
PDE6A	2688
PDE6C	2689
PDE6G	2690
PDE7A	2691
PDE7B	2692
PDF	2693
PDGFA	2694
PDGFC	2695
PDIA2	2696
PDK1	2697
PDLIM4	2698
PDX1	2699
PDZRN4	2700
PEA15	2701
PEAR1	2702
PEBP4	2703
PECAM1	2704
PELI1	2705
PELO	2706
PENK	2707
PEPD	2708
PER1	2709
PERCC1	2710
PFKFB3	2711
PFKFB4	2712
PFN3	2713
PFN4	2714
PGAP6	2715
PGBD4	2716
PGGHG	2717
PGPEP1	2718
PGPEP1L	2719
PGR	2720
PHB1	2721
PHEX	2722
PHF1	2723
PHF19	2724
PHGDH	2725
PHLDA1	2726
PHLDA2	2727
PHLDA3	2728
PHOX2A	2729
PHTF2	2730
PHYHIP	2731
PHYKPL	2732
PI16	2733
PI3	2734
PIANP	2735
PIEZO2	2736
PIGW	2737
PIK3CG	2738
PIK3IP1	2739
PIK3R5	2740
PIM2	2741
PIM3	2742
PIRT	2743
PITPNC1	2744
PITPNM2	2745
PIWIL1	2746
PIWIL3	2747
PKD2	2748
PKD2L2	2749
PKDCC	2750
PKDREJ	2751
PKIA	2752
PKMYT1	2753
PLA2G10	2754
PLA2G12B	2755
PLA2G2F	2756
PLA2G4A	2757
PLA2G4D	2758
PLA2G5	2759
PLAAT4	2760
PLAAT5	2761
PLAC8	2762
PLAGL2	2763
PLCB2	2764
PLCB4	2765
PLCL2	2766
PLCZ1	2767
PLD4	2768
PLD5	2769
PLD6	2770
PLEC	2771
PLEK	2772
PLEKHA4	2773
PLEKHF1	2774
PLEKHG3	2775
PLEKHG4B	2776
PLEKHG6	2777
PLEKHG7	2778
PLEKHO1	2779
PLET1	2780
PLIN4	2781
PLIN5	2782
PLK1	2783
PLK2	2784
PLK3	2785
PLK5	2786
PLN	2787
PLP1	2788
PLPP1	2789
PLPP3	2790
PLPPR3	2791
PLPPR4	2792
PLS3	2793
PLSCR3	2794
PLXNA4	2795
PLXNB2	2796
PMAIP1	2797
PMCH	2798
PMIS2	2799
PMP2	2800
PMP22	2801
PNLIPRP1	2802
PNLIPRP3	2803
PNMA1	2804
PNMA6F	2805
PNMA8C	2806
PNO1	2807
PNOC	2808
PNPLA1	2809
PNRC1	2810
PNRC2	2811
PODN	2812
POF1B	2813
POFUT1	2814
POLD4	2815
POLG2	2816
POLH	2817
POLR1B	2818
POLR2L	2819
POLR3H	2820
POM121L12	2821
POM121L2	2822
POU2AF1	2823
POU2F2	2824
POU3F1	2825
POU3F2	2826
POU3F3	2827
PPAN	2828
PPARG	2829
PPBP	2830
PPFIBP1	2831
PPIAL4G	2832
PPIC	2833
PPIF	2834
PPL	2835
PPM1M	2836
PPP1R14C	2837
PPP1R15A	2838
PPP1R1B	2839
PPP1R27	2840
PPP1R2C	2841
PPP1R36	2842
PPP1R3B	2843
PPP1R3C	2844
PPP1R9A	2845
PPP2R2C	2846
PPP2R5C	2847
PPRC1	2848
PRAC2	2849
PRAMEF1	2850
PRAMEF11	2851
PRAMEF12	2852
PRAMEF2	2853
PRAMEF20	2854
PRAMEF6	2855
PRAMEF8	2856
PRCD	2857
PRDM1	2858
PRDM13	2859
PRDM7	2860
PRDM8	2861
PRDM9	2862
PRDX4	2863
PRF1	2864
PRG3	2865
PRG4	2866
PRIMA1	2867
PRKACB	2868
PRKAG3	2869
PRKCB	2870
PRKD1	2871
PRKD2	2872
PRLH	2873
PRLR	2874
PRM1	2875
PRMT2	2876
PRMT8	2877
PRODH2	2878
PRPS1L1	2879
PRR11	2880
PRR15	2881
PRR18	2882
PRR20G	2883
PRR23C	2884
PRR23E	2885
PRR27	2886
PRR30	2887
PRR33	2888
PRR5L	2889
PRR7	2890
PRRG1	2891
PRRG2	2892
PRRT1B	2893
PRRT2	2894
PRSS12	2895
PRSS23	2896
PRSS3	2897
PRSS33	2898
PRSS41	2899
PRSS48	2900
PRSS56	2901
PRTN3	2902
PRUNE2	2903
PSAT1	2904
PSCA	2905
PSD2	2906
PSG11	2907
PSG2	2908
PSG3	2909
PSG6	2910
PSORS1C2	2911
PSTPIP2	2912
PTCHD4	2913
PTGDR	2914
PTGDR2	2915
PTGDS	2916
PTGER2	2917
PTGER3	2918
PTGER4	2919
PTGIR	2920
PTGIS	2921
PTGS2	2922
PTH2	2923
PTHLH	2924
PTMS	2925
PTPN12	2926
PTPN22	2927
PTPN4	2928
PTPN5	2929
PTPN7	2930
PTPRB	2931
PTPRE	2932
PTPRF	2933
PTPRK	2934
PTPRO	2935
PTPRQ	2936
PTPRR	2937
PTTG1	2938
PTTG1IP	2939
PURB	2940
PUS1	2941
PUS7	2942
PWWP3B	2943
PWWP4	2944
PXDC1	2945
PXDNL	2946
PXN	2947
PYCARD	2948
PYCR1	2949
PYHIN1	2950
PYY	2951
RAB11FIP1	2952
RAB27A	2953
RAB29	2954
RAB34	2955
RAB37	2956
RAB38	2957
RAB41	2958
RABAC1	2959
RABGAP1L	2960
RAD51	2961
RAET1L	2962
RALB	2963
RAMP1	2964
RANBP3L	2965
RANBP6	2966
RAP2A	2967
RAP2B	2968
RAPGEF2	2969
RARA	2970
RARB	2971
RARG	2972
RASA3	2973
RASD1	2974
RASEF	2975
RASGEF1A	2976
RASGRF2	2977
RASGRP2	2978
RASL11B	2979
RASL12	2980
RASSF1	2981
RASSF10	2982
RASSF2	2983
RASSF3	2984
RASSF6	2985
RAX2	2986
RBL2	2987
RBM19	2988
RBM47	2989
RBP5	2990
RBPJ	2991
RBPMS	2992
RCAN1	2993
RCAN2	2994
RCAN3	2995
RCBTB2	2996
RCN1	2997
RCVRN	2998
RD3	2999
RDH10	3000
RDH12	3001
REC114	3002
REG4	3003
REL	3004
RELB	3005
RELN	3006
REM1	3007
REM2	3008
REN	3009
RENBP	3010
RERG	3011
RESF1	3012
RESP18	3013
RFLNB	3014
RFPL4A	3015
RFPL4AL1	3016
RFX4	3017
RGCC	3018
RGS1	3019
RGS16	3020
RGS17	3021
RGS18	3022
RGS2	3023
RGS3	3024
RGS4	3025
RGS9BP	3026
RGSL1	3027
RHAG	3028
RHBDL1	3029
RHBG	3030
RHEX	3031
RHO	3032
RHOB	3033
RHOBTB3	3034
RHOC	3035
RHOJ	3036
RHOU	3037
RHOV	3038
RHOXF2B	3039
RIC3	3040
RIGI	3041
RIIAD1	3042
RILPL2	3043
RIN2	3044
RIN3	3045
RIOX1	3046
RIPOR2	3047
RLBP1	3048
RLN3	3049
RNASE1	3050
RNASE10	3051
RNASE11	3052
RNASE12	3053
RNASE2	3054
RNASE6	3055
RNASE7	3056
RNASE8	3057
RNASE9	3058
RND1	3059
RND2	3060
RND3	3061
RNF113A	3062
RNF125	3063
RNF144A	3064
RNF150	3065
RNF151	3066
RNF157	3067
RNF166	3068
RNF17	3069
RNF175	3070
RNF19A	3071
RNF19B	3072
RNF223	3073
RNF227	3074
RNF39	3075
ROBO4	3076
RORA	3077
RORC	3078
RPP25L	3079
RPRM	3080
RPRML	3081
RRAD	3082
RRM1	3083
RRM2	3084
RRP1	3085
RRP12	3086
RRP15	3087
RRP9	3088
RRS1	3089
RSAD2	3090
RSPH9	3091
RSPO1	3092
RSPO3	3093
RSRP1	3094
RTBDN	3095
RTKN2	3096
RTL4	3097
RTL5	3098
RTP1	3099
RTP2	3100
RTP5	3101
RUNX1	3102
RUNX1T1	3103
RUNX2	3104
RXFP2	3105
RYBP	3106
S100A1	3107
S100A12	3108
S100A16	3109
S100A7A	3110
S100A9	3111
S100B	3112
S100P	3113
S1PR1	3114
S1PR3	3115
S1PR4	3116
S1PR5	3117
SAGE1	3118
SALL1	3119
SAMD1	3120
SAMD11	3121
SAMD3	3122
SAMD9	3123
SAMD9L	3124
SAMHD1	3125
SAMSN1	3126
SAP30	3127
SAT1	3128
SAT2	3129
SATB1	3130
SBF2	3131
SBK1	3132
SBK3	3133
SCCPDH	3134
SCD	3135
SCGB1A1	3136
SCGB2A1	3137
SCGB3A1	3138
SCGN	3139
SCIN	3140
SCLY	3141
SCN3A	3142
SCN9A	3143
SCNN1G	3144
SCO2	3145
SCRT1	3146
SCRT2	3147
SCX	3148
SCYGR4	3149
SCYGR8	3150
SDC2	3151
SDC4	3152
SDCBP	3153
SDK2	3154
SDR16C5	3155
SDS	3156
SEC14L6	3157
SEC31B	3158
SELENOV	3159
SELL	3160
SELPLG	3161
SEMA3C	3162
SEMA3D	3163
SEMA3G	3164
SEMA6D	3165
SEMA7A	3166
SEPHS2	3167
SEPTIN11	3168
SEPTIN12	3169
SERINC5	3170
SERPINA1	3171
SERPINA4	3172
SERPINA5	3173
SERPINA6	3174
SERPINB1	3175
SERPINB11	3176
SERPINB2	3177
SERPINB4	3178
SERPINB6	3179
SERPINB7	3180
SERPINB9	3181
SERPIND1	3182
SERPINE1	3183
SERPINF1	3184
SERTAD1	3185
SERTM1	3186
SERTM2	3187
SESN1	3188
SESN2	3189
SESN3	3190
SETBP1	3191
SETD1B	3192
SEZ6L	3193
SFI1	3194
SFMBT2	3195
SFRP5	3196
SFT2D3	3197
SFTPA1	3198
SFTPC	3199
SFTPD	3200
SGK1	3201
SGO1	3202
SGO2	3203
SGPP2	3204
SGTB	3205
SH2D1B	3206
SH2D2A	3207
SH2D3C	3208
SH3BGRL	3209
SH3BP5	3210
SH3PXD2A	3211
SH3RF2	3212
SH3TC2	3213
SHANK1	3214
SHANK2	3215
SHBG	3216
SHC4	3217
SHCBP1	3218
SHE	3219
SHF	3220
SHISA2	3221
SHOX2	3222
SHROOM4	3223
SIAH2	3224
SIGIRR	3225
SIGLEC6	3226
SIGLEC8	3227
SIGMAR1	3228
SIRPD	3229
SIT1	3230
SIX1	3231
SIX6	3232
SKA1	3233
SKI	3234
SKIL	3235
SLA	3236
SLAMF1	3237
SLAMF6	3238
SLAMF7	3239
SLAMF9	3240
SLC10A1	3241
SLC12A1	3242
SLC12A3	3243
SLC12A7	3244
SLC12A8	3245
SLC15A5	3246
SLC16A12	3247
SLC16A3	3248
SLC17A4	3249
SLC1A2	3250
SLC1A5	3251
SLC1A6	3252
SLC20A1	3253
SLC22A1	3254
SLC22A16	3255
SLC22A24	3256
SLC22A3	3257
SLC22A6	3258
SLC22A8	3259
SLC24A2	3260
SLC24A4	3261
SLC25A18	3262
SLC25A23	3263
SLC25A31	3264
SLC25A4	3265
SLC26A1	3266
SLC26A3	3267
SLC26A8	3268
SLC26A9	3269
SLC27A2	3270
SLC27A4	3271
SLC27A6	3272
SLC28A1	3273
SLC28A2	3274
SLC29A1	3275
SLC2A1	3276
SLC2A2	3277
SLC2A3	3278
SLC2A4	3279
SLC2A5	3280
SLC2A7	3281
SLC30A1	3282
SLC33A1	3283
SLC34A2	3284
SLC34A3	3285
SLC35D2	3286
SLC35F3	3287
SLC36A3	3288
SLC38A11	3289
SLC38A2	3290
SLC38A5	3291
SLC38A8	3292
SLC39A14	3293
SLC39A2	3294
SLC39A5	3295
SLC39A6	3296
SLC3A1	3297
SLC3A2	3298
SLC40A1	3299
SLC41A2	3300
SLC43A3	3301
SLC44A2	3302
SLC45A2	3303
SLC46A2	3304
SLC47A2	3305
SLC4A3	3306
SLC52A3	3307
SLC5A2	3308
SLC5A3	3309
SLC6A18	3310
SLC6A7	3311
SLC6A8	3312
SLC7A10	3313
SLC7A11	3314
SLC7A13	3315
SLC7A4	3316
SLC7A5	3317
SLC7A6	3318
SLC9A2	3319
SLC9C2	3320
SLCO1A2	3321
SLCO1B1	3322
SLCO2A1	3323
SLCO5A1	3324
SLFN11	3325
SLFN5	3326
SLIT2	3327
SLITRK5	3328
SLN	3329
SLURP1	3330
SLURP2	3331
SMAD3	3332
SMARCA2	3333
SMC2	3334
SMC4	3335
SMCP	3336
SMIM10L1	3337
SMIM2	3338
SMIM23	3339
SMIM27	3340
SMIM30	3341
SMIM31	3342
SMIM36	3343
SMIM41	3344
SMLR1	3345
SMOX	3346
SMPD1	3347
SMPD3	3348
SMR3A	3349
SMR3B	3350
SMS	3351
SMTNL1	3352
SNAI1	3353
SNAI2	3354
SNAI3	3355
SNAP25	3356
SNAPC4	3357
SNCA	3358
SNED1	3359
SNHG32	3360
SNTB1	3361
SNX20	3362
SNX9	3363
SOCS1	3364
SOCS2	3365
SOCS3	3366
SOD2	3367
SOD3	3368
SOGA3	3369
SOHLH1	3370
SORBS2	3371
SORCS2	3372
SORL1	3373
SORT1	3374
SOS1	3375
SOSTDC1	3376
SOWAHB	3377
SOX1	3378
SOX2	3379
SOX21	3380
SOX3	3381
SOX4	3382
SOX6	3383
SOX9	3384
SP140	3385
SP6	3386
SP7	3387
SP9	3388
SPACA6	3389
SPAG5	3390
SPAM1	3391
SPANXD	3392
SPANXN2	3393
SPANXN4	3394
SPATA21	3395
SPATA4	3396
SPATA46	3397
SPATS1	3398
SPC24	3399
SPC25	3400
SPEM1	3401
SPEM2	3402
SPEM3	3403
SPHK1	3404
SPINK2	3405
SPINK4	3406
SPINK7	3407
SPINT3	3408
SPINT4	3409
SPN	3410
SPO11	3411
SPOCK2	3412
SPON1	3413
SPP1	3414
SPRR2B	3415
SPRR2F	3416
SPRY1	3417
SPRY4	3418
SPSB1	3419
SPSB4	3420
SPTBN1	3421
SPTSSB	3422
SPZ1	3423
SQOR	3424
SQSTM1	3425
SRARP	3426
SRD5A2	3427
SRD5A3	3428
SRL	3429
SRM	3430
SRPK3	3431
SRPX	3432
SRPX2	3433
SRSF5	3434
SRSF7	3435
SRSF8	3436
SSPN	3437
SST	3438
SSTR1	3439
SSTR4	3440
SSTR5	3441
ST3GAL5	3442
ST6GAL2	3443
ST6GALNAC5	3444
ST6GALNAC6	3445
ST8SIA1	3446
ST8SIA4	3447
STAB1	3448
STAP1	3449
STARD10	3450
STARD4	3451
STAT1	3452
STAT2	3453
STAT4	3454
STAT5A	3455
STC1	3456
STC2	3457
STEAP2	3458
STEAP4	3459
STIL	3460
STING1	3461
STK10	3462
STK17A	3463
STK32C	3464
STK38	3465
STMN1	3466
STOM	3467
STPG3	3468
STRIP2	3469
STUM	3470
STX11	3471
STX3	3472
STXBP5L	3473
SULT1B1	3474
SULT1C2	3475
SULT1C4	3476
SULT4A1	3477
SULT6B1	3478
SUN2	3479
SUSD1	3480
SUSD3	3481
SUSD4	3482
SVEP1	3483
SVOP	3484
SYCN	3485
SYNC	3486
SYNE1	3487
SYNE2	3488
SYNPR	3489
SYNRG	3490
SYT13	3491
SYT6	3492
SYTL1	3493
SYTL2	3494
SYTL3	3495
SYTL5	3496
TAAR1	3497
TAAR6	3498
TAAR8	3499
TAC1	3500
TAC4	3501
TACC2	3502
TACC3	3503
TACR1	3504
TACR2	3505
TACSTD2	3506
TAF11L4	3507
TAF11L6	3508
TAF7	3509
TAFA3	3510
TAFA5	3511
TAGAP	3512
TAGLN3	3513
TARM1	3514
TAS2R16	3515
TAS2R38	3516
TAS2R39	3517
TAS2R40	3518
TBC1D21	3519
TBC1D22B	3520
TBC1D30	3521
TBC1D4	3522
TBC1D9	3523
TBCC	3524
TBCEL	3525
TBKBP1	3526
TBL3	3527
TBX10	3528
TBX18	3529
TBX21	3530
TBX3	3531
TBX4	3532
TC2N	3533
TCEAL2	3534
TCEAL6	3535
TCEAL7	3536
TCF19	3537
TCF21	3538
TCF7	3539
TCIRG1	3540
TCL1A	3541
TCL1B	3542
TCP11L2	3543
TCTA	3544
TDRD10	3545
TDRD9	3546
TDRP	3547
TECPR1	3548
TECTB	3549
TEKT2	3550
TENM1	3551
TENT5A	3552
TENT5C	3553
TEPP	3554
TERB2	3555
TERC	3556
TES	3557
TESC	3558
TESK1	3559
TEX101	3560
TEX11	3561
TEX13A	3562
TEX30	3563
TEX36	3564
TEX38	3565
TEX44	3566
TEX46	3567
TEX47	3568
TEX50	3569
TEX53	3570
TEX54	3571
TEX55	3572
TFPI2	3573
TFRC	3574
TGFB1I1	3575
TGFBI	3576
TGFBR1	3577
TGFBR3	3578
TGIF1	3579
TGM3	3580
TGM6	3581
TGM7	3582
THAP2	3583
THEMIS	3584
THEMIS2	3585
THPO	3586
THRB	3587
THRSP	3588
THSD4	3589
THSD8	3590
TIAM1	3591
TIAM2	3592
TIGAR	3593
TIGIT	3594
TIMD4	3595
TIMM13	3596
TIMP1	3597
TIMP3	3598
TIPARP	3599
TK1	3600
TKTL1	3601
TKTL2	3602
TLCD2	3603
TLE5	3604
TLR1	3605
TLX1	3606
TLX3	3607
TM4SF1	3608
TM4SF18	3609
TM4SF20	3610
TM4SF4	3611
TM4SF5	3612
TM6SF1	3613
TMBIM1	3614
TMC2	3615
TMCO5A	3616
TMDD1	3617
TMEM100	3618
TMEM106C	3619
TMEM114	3620
TMEM120A	3621
TMEM121B	3622
TMEM132B	3623
TMEM140	3624
TMEM151A	3625
TMEM151B	3626
TMEM154	3627
TMEM171	3628
TMEM185B	3629
TMEM200B	3630
TMEM202	3631
TMEM204	3632
TMEM207	3633
TMEM210	3634
TMEM215	3635
TMEM225	3636
TMEM229A	3637
TMEM235	3638
TMEM239	3639
TMEM247	3640
TMEM262	3641
TMEM273	3642
TMEM275	3643
TMEM45B	3644
TMEM52B	3645
TMEM63A	3646
TMEM64	3647
TMEM71	3648
TMEM72	3649
TMEM88	3650
TMEM95	3651
TMF1	3652
TMIGD1	3653
TMPRSS11A	3654
TMPRSS11D	3655
TMPRSS11F	3656
TMPRSS15	3657
TMPRSS2	3658
TMPRSS3	3659
TMSB4X	3660
TNF	3661
TNFAIP3	3662
TNFAIP6	3663
TNFAIP8L2	3664
TNFRSF10B	3665
TNFRSF11A	3666
TNFRSF11B	3667
TNFRSF13B	3668
TNFRSF14	3669
TNFRSF18	3670
TNFRSF25	3671
TNFRSF4	3672
TNFRSF8	3673
TNFRSF9	3674
TNFSF10	3675
TNFSF11	3676
TNFSF12	3677
TNFSF14	3678
TNFSF15	3679
TNFSF4	3680
TNFSF8	3681
TNFSF9	3682
TNIK	3683
TNIP2	3684
TNIP3	3685
TNMD	3686
TNNI1	3687
TNNI3	3688
TNNT3	3689
TNS1	3690
TOB1	3691
TOMT	3692
TOP2A	3693
TOPAZ1	3694
TP53AIP1	3695
TP53I3	3696
TP53INP1	3697
TP53INP2	3698
TP53TG5	3699
TPBG	3700
TPBGL	3701
TPD52L3	3702
TPGS1	3703
TPP1	3704
TPPP3	3705
TPX2	3706
TRADD	3707
TRAF1	3708
TRAF4	3709
TRAM1L1	3710
TRANK1	3711
TRAP1	3712
TRAPPC3L	3713
TRAPPC6A	3714
TRAT1	3715
TRBC1	3716
TRBC2	3717
TRDC	3718
TREML1	3719
TRGC1	3720
TRGC2	3721
TRHDE	3722
TRHR	3723
TRIAP1	3724
TRIB1	3725
TRIB2	3726
TRIB3	3727
TRIL	3728
TRIM22	3729
TRIM31	3730
TRIM38	3731
TRIM43	3732
TRIM49B	3733
TRIM5	3734
TRIM50	3735
TRIM51	3736
TRIM51G	3737
TRIM52	3738
TRIM64B	3739
TRIM64C	3740
TRIM67-AS1	3741
TRIM72	3742
TRIM75	3743
TRIM8	3744
TRIML1	3745
TRIP13	3746
TRMO	3747
TRMT1	3748
TRMT10C	3749
TRNP1	3750
TRNT1	3751
TROAP	3752
TRPS1	3753
TRPV2	3754
TRPV6	3755
TSC22D2	3756
TSC22D3	3757
TSGA10IP	3758
TSHB	3759
TSHZ2	3760
TSPAN13	3761
TSPAN14	3762
TSPAN15	3763
TSPAN18	3764
TSPO2	3765
TSPOAP1	3766
TSPYL1	3767
TSPYL2	3768
TSPYL6	3769
TSR1	3770
TSSK2	3771
TSSK4	3772
TTC14	3773
TTC39B	3774
TTC39C	3775
TTC9	3776
TTLL12	3777
TTLL2	3778
TTLL3	3779
TTLL6	3780
TTLL8	3781
TTN	3782
TTR	3783
TUBA1B	3784
TUBA1C	3785
TUBA3E	3786
TUBA4A	3787
TUBB	3788
TUBB2A	3789
TUBB2B	3790
TUBB4B	3791
TVP23A	3792
TWIST1	3793
TWNK	3794
TXK	3795
TXNDC8	3796
TXNIP	3797
TYMP	3798
TYMS	3799
TYR	3800
TYROBP	3801
TYRP1	3802
UBA7	3803
UBASH3B	3804
UBC	3805
UBD	3806
UBE2QL1	3807
UBE2S	3808
UBE2T	3809
UBL3	3810
UBQLN2	3811
UCK2	3812
UCP2	3813
UEVLD	3814
UFSP1	3815
UGCG	3816
UGT1A1	3817
UGT2A1	3818
UGT2A2	3819
UGT2B4	3820
UHRF1	3821
UMOD	3822
UMODL1	3823
UNC13C	3824
UNC5D	3825
UNCX	3826
UNG	3827
UPP1	3828
UPRT	3829
URB1	3830
USP12	3831
USP17L1	3832
USP17L15	3833
USP17L2	3834
USP17L3	3835
USP17L7	3836
USP18	3837
USP20	3838
USP29	3839
UTP3	3840
UTRN	3841
UTS2	3842
VAMP1	3843
VAMP2	3844
VAMP4	3845
VAMP5	3846
VASN	3847
VAT1L	3848
VCL	3849
VDR	3850
VEGFA	3851
VEGFB	3852
VGF	3853
VGLL2	3854
VIM	3855
VIP	3856
VIPR1	3857
VLDLR	3858
VNN1	3859
VPREB3	3860
VPS8	3861
VRTN	3862
VSIG1	3863
VSIG2	3864
VSIG8	3865
VSIR	3866
VSNL1	3867
VSTM1	3868
VSTM2A	3869
VSTM5	3870
VTCN1	3871
VWA2	3872
VWC2	3873
VWC2L	3874
WASHC3	3875
WDFY1	3876
WDFY2	3877
WDR3	3878
WDR36	3879
WDR38	3880
WDR43	3881
WDR45B	3882
WDR5B	3883
WDR72	3884
WDR74	3885
WDR76	3886
WDR81	3887
WDR97	3888
WFDC1	3889
WFDC10A	3890
WFDC12	3891
WFDC2	3892
WFDC6	3893
WFDC9	3894
WFIKKN2	3895
WHRN	3896
WIPI1	3897
WLS	3898
WNT1	3899
WNT10A	3900
WNT2	3901
WNT3A	3902
WNT5A	3903
WNT5B	3904
WNT7B	3905
WNT9B	3906
WSB1	3907
WSCD1	3908
WWC3	3909
XAF1	3910
XBP1	3911
XCL1	3912
XCL2	3913
XG	3914
XIRP1	3915
XIRP2	3916
XKR4	3917
XKR6	3918
XPC	3919
XYLT2	3920
YBX3	3921
YPEL2	3922
YPEL3	3923
YPEL5	3924
YRDC	3925
ZAR1L	3926
ZBED2	3927
ZBED5	3928
ZBP1	3929
ZBTB10	3930
ZBTB16	3931
ZBTB21	3932
ZBTB25	3933
ZBTB3	3934
ZBTB32	3935
ZBTB4	3936
ZBTB7C	3937
ZBTB8B	3938
ZC2HC1B	3939
ZC3H10	3940
ZC3H12A	3941
ZC3H12C	3942
ZC3H12D	3943
ZC3H6	3944
ZC3HAV1	3945
ZCCHC12	3946
ZCCHC3	3947
ZDHHC14	3948
ZEB2	3949
ZFC3H1	3950
ZFP36	3951
ZFP36L1	3952
ZFP36L2	3953
ZFR2	3954
ZFYVE28	3955
ZGRF1	3956
ZIC1	3957
ZIC5	3958
ZIM3	3959
ZMAT3	3960
ZMYND15	3961
ZMYND19	3962
ZNF101	3963
ZNF112	3964
ZNF263	3965
ZNF264	3966
ZNF280A	3967
ZNF282	3968
ZNF296	3969
ZNF367	3970
ZNF385B	3971
ZNF394	3972
ZNF462	3973
ZNF467	3974
ZNF521	3975
ZNF536	3976
ZNF552	3977
ZNF556	3978
ZNF580	3979
ZNF581	3980
ZNF593	3981
ZNF652	3982
ZNF683	3983
ZNF703	3984
ZNF704	3985
ZNF750	3986
ZNF75A	3987
ZNF75D	3988
ZNF783	3989
ZNF80	3990
ZNF830	3991
ZNFX1	3992
ZNHIT2	3993
ZPBP2	3994
ZPLD1	3995
ZSCAN30	3996
ZSCAN5C	3997
ZSWIM2	3998
ZWINT	3999
